product_id,user_id,category_id,product_name,value,up_for_trade,public
1,1,50,Henry J Deluxe,4002,True,True
2,2,66,Mercedes-Benz C-Class,8627,False,True
3,3,47,Kaiser Deluxe,5775,True,False
4,4,85,Perodua Myvi,4647,False,True
5,5,31,Jaguar XJ,4291,True,True
6,6,77,Trabant,3275,False,False
7,7,55,Plymouth Fury,6325,True,False
8,8,31,Jaguar XJ,4603,True,False
9,9,58,Cadillac De Ville,3051,True,False
10,10,48,Holden Commodore,9257,True,True
11,11,33,Trabant,4820,False,False
12,12,91,Willys 77,1321,False,True
13,13,11,Peugeot 206,191,False,True
14,14,2,Ford F-Series,7070,False,True
15,15,17,Plymouth Fury,6808,False,True
16,16,45,Perodua Myvi,7177,True,False
17,17,17,Checker Marathon,2103,False,False
18,18,90,Imperial Crown,3366,False,True
19,19,65,DeSoto Custom,3530,True,False
20,20,72,Tesla Model S,9083,False,True
21,21,33,Imperial Crown,582,False,False
22,22,9,Nissan Leaf,9734,False,False
23,23,79,Ford Model T,3352,False,False
24,24,85,Rolls-Royce Silver Shadow,6970,False,True
25,25,88,Škoda Octavia,2604,False,False
26,26,90,Lada Riva,5615,False,True
27,27,23,Oldsmobile Cutlass,4648,True,False
28,28,6,Volkswagen Type 2,6884,False,False
29,29,27,Toyota Corolla,1009,False,True
30,30,1,Willys 77,4503,True,True
31,31,4,Lada Riva,6433,True,False
32,32,51,Volkswagen Golf,8511,False,False
33,33,89,Nissan Leaf,7569,True,False
34,34,29,Alfa Romeo Alfasud,5546,False,True
35,35,60,Mazda MX-5,4235,False,True
36,36,58,Toyota Corolla,7218,True,True
37,37,40,Packard Eight,6539,True,False
38,38,43,Packard Eight,1132,False,True
39,39,49,Pontiac Grand Am,9242,True,True
40,40,1,Crosley,7055,False,False
41,41,78,Trabant,3355,False,False
42,42,97,Hudson Super,6234,False,False
43,43,52,Hindustan Ambassador,7834,False,True
44,44,94,Smart Fortwo,2803,False,False
45,45,89,Bugatti Type 40,1875,False,True
46,46,91,Koenigsegg CCX,5979,True,False
47,47,8,Renault Clio,7156,True,False
48,48,72,Series/Defender,7396,False,True
49,49,32,Trabant,6959,True,True
50,50,56,Rolls-Royce Silver Shadow,4507,True,True
51,51,27,Ferrari 360,9009,False,False
52,52,76,Renault Clio,1792,True,True
53,53,21,Lincoln Town Car,1578,False,False
54,54,43,Trabant,8802,True,True
55,55,10,Subaru Legacy,1643,False,True
56,56,58,Volkswagen Santana,5857,False,True
57,57,28,Smart Fortwo,1844,False,True
58,58,32,Frazer Standard,4890,True,False
59,59,11,Metropolitan,9575,False,True
60,60,57,Subaru Legacy,9632,True,True
61,61,86,Alpine A310,1365,False,True
62,62,9,Checker Marathon,1577,True,False
63,63,58,Bugatti Type 40,3591,True,False
64,64,96,Mazda MX-5,9199,False,True
65,65,67,Lotus Elise,6703,False,True
66,66,11,McLaren 12C,2178,True,False
67,67,9,Nissan Z-cars,1778,True,False
68,68,74,Perodua Myvi,6535,True,True
69,69,2,Toyota Corolla,9256,True,False
70,70,12,SEAT Ibiza,3724,False,False
71,71,12,Ford Model T,9136,True,False
72,72,45,Bugatti Type 40,4139,False,True
73,73,71,Ford Falcon,7664,False,True
74,74,94,Perodua Myvi,8547,False,True
75,75,20,Chevrolet Impala,6908,True,True
76,76,52,Rolls-Royce Silver Shadow,3121,True,True
77,77,19,Volkswagen Beetle,5228,True,False
78,78,81,Toyota Corolla,3271,False,False
79,79,94,Renault Clio,9698,False,False
80,80,48,Perodua Myvi,6097,True,False
81,81,67,Mercury Grand Marquis,4040,False,False
82,82,56,Perodua Myvi,5308,True,True
83,83,51,Chevrolet Impala,3848,True,False
84,84,61,Imperial Crown,8075,False,False
85,85,21,Porsche 911 GT3 Cup,8318,True,False
86,86,98,SEAT Ibiza,9166,False,False
87,87,88,Renault Symbol,3390,True,True
88,88,11,Volkswagen Santana,3418,False,True
89,89,2,Jeep Cherokee (XJ),7374,False,True
90,90,31,Ford F-Series,218,True,False
91,91,65,Škoda Octavia,156,False,True
92,92,54,Alfa Romeo Alfasud,8340,True,False
93,93,78,Škoda Octavia,5642,True,True
94,94,56,Honda Civic,2658,False,False
95,95,76,Henry J Deluxe,7208,True,True
96,96,35,Renault Clio,4733,False,False
97,97,93,Cadillac De Ville,8706,False,True
98,98,94,Škoda Octavia,8763,False,True
99,99,16,Volvo 200 Series,714,False,True
100,100,37,Volkswagen Santana,9484,False,True
101,101,12,Mazda MX-5,3803,True,False
102,102,19,SEAT Ibiza,2820,False,True
103,103,49,Porsche 911 GT3 Cup,6123,True,True
104,104,32,Continental Mark II,1713,True,False
105,105,83,Nissan Z-cars,8088,True,True
106,106,12,Plymouth Fury,9269,True,True
107,107,51,Plymouth Fury,1294,False,True
108,108,71,Porsche 911 GT3 Cup,9973,True,False
109,109,7,Dodge Coronet,140,False,True
110,110,62,Alfa Romeo Alfasud,5686,True,True
111,111,17,Ford F-Series,6474,True,False
112,112,72,SEAT Ibiza,900,False,False
113,113,57,Excalibur Series II,1937,False,False
114,114,49,Lancia Ypsilon,3953,True,False
115,115,10,Ford F-Series,7222,False,False
116,116,95,Saab 900,7810,True,True
117,117,8,Lincoln Town Car,8944,False,False
118,118,74,Studebaker Champion,8882,False,True
119,119,59,Lincoln Town Car,684,False,False
120,120,90,Holden Commodore,5825,True,True
121,121,39,Renault Symbol,5369,True,True
122,122,73,Volkswagen Golf,6532,False,True
123,123,69,Edsel Ranger,6304,False,False
124,124,60,Bugatti Type 40,8017,False,False
125,125,2,Dodge Coronet,4798,False,True
126,126,52,Toyota Corolla,9168,False,True
127,127,78,Crosley,7700,False,False
128,128,84,Volvo 200 Series,6154,True,False
129,129,51,Volkswagen Beetle,1498,True,False
130,130,66,Excalibur Series II,5216,True,False
131,131,73,Buick LeSabre,929,True,True
132,132,78,Renault Symbol,4400,True,False
133,133,89,Hindustan Ambassador,6834,True,False
134,134,70,Lancia Ypsilon,708,True,False
135,135,38,Zaporozhets,152,True,True
136,136,54,Lotus Elise,1840,False,True
137,137,85,Perodua Myvi,6402,True,False
138,138,96,DeSoto Custom,8701,True,True
139,139,50,Škoda Octavia,867,False,True
140,140,9,BMW 3 Series,5801,False,True
141,141,19,Mazda MX-5,4870,False,False
142,142,44,Toyota Prius,7350,True,True
143,143,75,Mazda MX-5,9303,False,False
144,144,67,Lamborghini Gallardo,7098,True,True
145,145,58,Ford Falcon,5921,True,False
146,146,81,Willys 77,3670,True,True
147,147,72,Edsel Ranger,1330,False,False
148,148,41,Nash Statesman,6470,True,True
149,149,83,Toyota Prius,8629,True,True
150,150,61,Morris Mini,2906,True,True
151,151,54,Toyota Corolla,6145,False,False
152,152,65,Toyota Prius,3061,True,True
153,153,19,Renault Symbol,9092,True,False
154,154,85,Willys 77,2218,True,False
155,155,96,Alpine A310,5425,False,False
156,156,63,Porsche 911,4353,True,True
157,157,63,Series/Defender,2362,True,False
158,158,33,Lotus Elise,5769,True,False
159,159,84,Mitsubishi Lancer,5668,False,True
160,160,73,Simca 1100,6023,False,True
161,161,41,Messerschmitt KR200,113,False,False
162,162,36,Oldsmobile Cutlass,6419,True,True
163,163,33,Chevrolet Impala,788,True,False
164,164,4,Edsel Ranger,6745,True,True
165,165,71,Toyota Corolla,1264,False,True
166,166,76,Trabant,2010,True,True
167,167,93,Hindustan Ambassador,5861,False,True
168,168,38,Bugatti Type 40,5368,False,True
169,169,63,Škoda Octavia,6909,True,False
170,170,53,Peugeot 206,7789,True,True
171,171,86,Perodua Myvi,6238,True,False
172,172,84,ZAZ Zaporozhets,2504,True,True
173,173,70,Autobianchi A112,8777,True,False
174,174,15,Mazda Familia,1085,True,True
175,175,1,Eagle Talon,5712,True,True
176,176,1,Jeep Cherokee (XJ),409,False,False
177,177,28,Chrysler Newport,9481,False,True
178,178,32,BMW 3 Series,2982,False,False
179,179,97,Mazda MX-5,520,True,False
180,180,90,Morris Mini,7353,True,True
181,181,3,Honda Civic,5184,False,False
182,182,24,Simca 1100,3008,False,True
183,183,69,Imperial Crown,1059,False,True
184,184,71,Rambler Classic,979,False,True
185,185,78,Eagle Talon,6372,True,False
186,186,13,Hudson Super,6826,False,False
187,187,29,Volkswagen Gol,2690,True,False
188,188,83,Studebaker Champion,3350,True,True
189,189,50,Holden Commodore,6042,True,False
190,190,63,Nissan Z-cars,3853,False,True
191,191,70,Saturn S-Series,2587,True,True
192,192,38,Saturn S-Series,691,False,True
193,193,88,Mitsubishi Lancer,4683,False,True
194,194,10,Messerschmitt KR200,4004,False,False
195,195,50,Ford F-Series,2403,False,True
196,196,80,Lancia Ypsilon,7417,False,False
197,197,36,Eagle Talon,7712,False,False
198,198,81,Lotus Elise,5015,False,False
199,199,9,Mazda Familia,8974,True,True
200,200,44,Opel Corsa,3514,False,False
201,201,35,Volkswagen Type 2,7393,True,False
202,202,70,Facellia,4348,False,True
203,203,42,Volvo 200 Series,250,True,False
204,204,98,Aston Martin DB7,5204,True,False
205,205,77,Peugeot 206,1607,False,False
206,206,90,Peugeot 206,7030,True,False
207,207,25,Porsche 911,3439,False,False
208,208,10,Volkswagen Golf,2291,False,True
209,209,97,Smart Fortwo,420,False,True
210,210,66,Rambler Classic,8912,True,True
211,211,44,Autobianchi A112,8016,True,True
212,212,56,Porsche 911 GT3 Cup,9720,True,True
213,213,31,Toyota Corolla,4017,True,True
214,214,3,Lotus Elise,9323,False,True
215,215,8,Mitsubishi Lancer,9818,True,True
216,216,32,Alfa Romeo Alfasud,258,True,False
217,217,59,Ferrari 360,2669,False,False
218,218,40,Toyota Corolla,6322,True,False
219,219,57,Citroën 2CV,8802,False,False
220,220,33,Volkswagen Golf,79,False,True
221,221,0,Subaru Legacy,9893,False,False
222,222,60,Chevrolet Impala,6116,True,False
223,223,56,Ferrari 360,2010,False,True
224,224,64,Facellia,8020,True,False
225,225,30,Honda Civic,9001,False,True
226,226,90,Mazda RX-7,6629,True,False
227,227,26,Subaru Legacy,2326,True,False
228,228,96,Porsche 911 GT3 Cup,2510,False,True
229,229,54,Volvo 200 Series,9855,True,False
230,230,67,Plymouth Fury,3515,False,True
231,231,86,Mitsubishi Lancer,6371,True,False
232,232,71,Hindustan Ambassador,892,False,True
233,233,60,Kaiser Deluxe,4619,False,True
234,234,39,Mitsubishi Lancer,8849,True,True
235,235,56,Rambler Classic,2804,True,False
236,236,26,Pontiac Grand Am,2407,False,False
237,237,21,SEAT Ibiza,5242,False,False
238,238,98,Lamborghini Gallardo,9122,True,False
239,239,83,Perodua Myvi,2149,False,True
240,240,15,McLaren 12C,2434,False,True
241,241,91,Škoda Octavia,4240,False,True
242,242,54,Lincoln Town Car,3435,True,True
243,243,29,Saturn S-Series,9050,False,False
244,244,97,Buick LeSabre,5351,True,False
245,245,94,Porsche 911,2223,True,True
246,246,76,Morris Mini,5131,False,False
247,247,42,Nissan Z-cars,5015,False,False
248,248,78,Alpine A310,1289,False,False
249,249,7,Mazda RX-7,4977,True,True
250,250,67,Koenigsegg CCX,4459,True,True
251,251,52,De Tomaso Pantera,5549,True,False
252,252,16,Mercedes-Benz C-Class,4583,True,False
253,253,71,ZAZ Zaporozhets,1152,False,False
254,254,20,Henry J Deluxe,2940,False,True
255,255,68,Studebaker Champion,4337,True,False
256,256,42,Mitsubishi Lancer,8163,True,False
257,257,60,Ford Falcon,5147,False,False
258,258,58,Lincoln Town Car,4242,False,False
259,259,62,Ford Model T,211,False,False
260,260,72,Frazer Standard,920,False,True
261,261,88,Morris Mini,7906,False,False
262,262,31,Cadillac De Ville,110,False,True
263,263,14,Volkswagen Type 2,8992,True,True
264,264,50,Checker Marathon,9859,True,False
265,265,92,Crosley,3900,False,False
266,266,72,Nash Statesman,6215,False,True
267,267,45,Ford Model T,8640,False,False
268,268,79,Lincoln Town Car,729,True,False
269,269,66,Ford F-Series,1531,True,False
270,270,32,Holden Commodore,8553,False,False
271,271,94,Chevrolet Impala,1862,True,True
272,272,3,Škoda Octavia,5362,False,False
273,273,75,Citroën 2CV,4115,False,False
274,274,97,Nissan Z-cars,5388,False,False
275,275,57,Imperial Crown,9946,False,True
276,276,56,Jaguar XJ,5613,False,False
277,277,12,Hindustan Ambassador,6437,True,True
278,278,26,Mazda RX-7,7998,False,False
279,279,98,Rolls-Royce Silver Shadow,1449,False,True
280,280,0,Messerschmitt KR200,8183,False,False
281,281,86,Ferrari 360,5697,False,True
282,282,87,Toyota Corolla,3081,False,False
283,283,57,ZAZ Zaporozhets,6034,True,False
284,284,37,SEAT Ibiza,9067,True,True
285,285,14,Series/Defender,6204,True,False
286,286,10,Eagle Talon,743,False,False
287,287,70,De Tomaso Pantera,9417,True,False
288,288,77,Lotus Elise,9007,True,True
289,289,63,Porsche 911 GT3 Cup,6081,True,True
290,290,9,Jeep Cherokee (XJ),8263,True,True
291,291,96,Kaiser Deluxe,4649,False,True
292,292,36,Nissan Z-cars,8856,False,False
293,293,90,Alfa Romeo Alfasud,1996,True,True
294,294,76,Holden Commodore,8553,True,False
295,295,3,Dodge Coronet,7525,True,False
296,296,63,Series/Defender,9095,True,True
297,297,39,Imperial Crown,167,False,False
298,298,26,BMW 3 Series,2624,True,False
299,299,57,Ferrari 360,6445,False,True
300,300,50,Series/Defender,6617,False,False
301,301,44,Renault Clio,6930,True,True
302,302,99,Toyota Prius,5371,True,False
303,303,46,Renault Symbol,1297,False,True
304,304,41,Facellia,1432,True,False
305,305,92,McLaren 12C,1020,False,False
306,306,98,Henry J Deluxe,6261,True,False
307,307,96,ZAZ Zaporozhets,763,False,True
308,308,61,Plymouth Fury,5851,False,True
309,309,19,Opel Corsa,1981,True,True
310,310,1,Nissan Z-cars,2247,False,False
311,311,76,Toyota Corolla,4094,False,True
312,312,25,Fiat Uno,2666,True,True
313,313,20,Trabant,6847,True,False
314,314,3,Perodua Myvi,5306,True,False
315,315,13,Toyota Corolla,4178,True,False
316,316,27,Mercury Grand Marquis,9967,False,True
317,317,37,De Tomaso Pantera,5933,True,False
318,318,36,Aston Martin DB7,9567,False,False
319,319,17,Volvo 200 Series,5243,True,True
320,320,8,Mazda Familia,6949,True,True
321,321,41,Oldsmobile Cutlass,5811,True,False
322,322,32,Ford F-Series,227,True,True
323,323,19,Morris Mini,1869,True,False
324,324,55,Alpine A310,5551,False,False
325,325,3,Toyota Corolla,6930,False,False
326,326,23,Peugeot 206,7334,False,False
327,327,16,Bugatti Type 40,9045,False,False
328,328,64,BMW 3 Series,5678,True,True
329,329,51,Peel Trident,4695,True,True
330,330,16,Chevrolet Impala,8084,True,True
331,331,98,Ford F-Series,1084,True,False
332,332,68,Edsel Ranger,6805,False,True
333,333,80,Imperial Crown,2490,True,False
334,334,68,Smart Fortwo,4743,True,False
335,335,60,Excalibur Series II,7876,True,True
336,336,4,Volkswagen Golf,8899,False,False
337,337,46,Volkswagen Golf,7058,False,False
338,338,87,Perodua Myvi,2499,False,False
339,339,94,Volkswagen Santana,9081,False,True
340,340,75,Volkswagen Golf,4270,False,True
341,341,70,Toyota Corolla,7855,False,True
342,342,33,Perodua Myvi,8677,True,False
343,343,23,Maserati Biturbo,5346,True,False
344,344,31,Buick LeSabre,5389,False,True
345,345,48,Renault Clio,4667,True,False
346,346,59,Lamborghini Gallardo,3553,True,False
347,347,6,Rambler Classic,6393,False,True
348,348,68,Fiat Uno,7528,False,True
349,349,54,SEAT Ibiza,9954,False,False
350,350,98,Jeep Cherokee (XJ),5816,True,True
351,351,71,Hudson Super,9948,True,True
352,352,21,Eagle Talon,366,True,False
353,353,77,Packard Eight,7392,False,False
354,354,14,De Tomaso Pantera,6838,True,False
355,355,83,Volkswagen Santana,3502,False,True
356,356,66,Dodge Coronet,9461,True,True
357,357,63,Henry J Deluxe,4527,False,False
358,358,12,Morris Mini,1753,False,False
359,359,53,Toyota Prius,9761,True,False
360,360,33,Koenigsegg CCX,2093,True,True
361,361,34,Ford F-Series,1240,True,False
362,362,91,Mercedes-Benz C-Class,3946,True,False
363,363,0,Hindustan Ambassador,9073,False,False
364,364,26,Opel Corsa,3917,True,True
365,365,23,McLaren 12C,4023,True,True
366,366,6,AMC Hornet,8070,False,False
367,367,10,Porsche 911,9991,False,False
368,368,51,Bugatti Type 40,4436,True,False
369,369,34,Mercedes-Benz C-Class,1922,True,True
370,370,60,Fiat Uno,3529,True,False
371,371,88,Willys 77,9352,False,False
372,372,82,Tesla Model S,1464,False,True
373,373,15,Ferrari 360,8491,True,False
374,374,62,Ferrari 360,6389,False,True
375,375,48,Perodua Myvi,972,True,True
376,376,58,Renault Symbol,9618,False,False
377,377,61,Hudson Super,7844,False,False
378,378,5,Excalibur Series II,9736,False,True
379,379,67,Volkswagen Type 2,5556,True,False
380,380,72,Volkswagen Gol,9827,True,False
381,381,70,Mazda MX-5,221,True,False
382,382,47,Opel Corsa,2772,True,False
383,383,33,Saab 900,3655,True,True
384,384,65,Chevrolet Impala,4035,False,True
385,385,50,Toyota Corolla,3871,True,False
386,386,11,Lincoln Town Car,4036,True,False
387,387,94,Chevrolet Impala,9491,False,True
388,388,76,Imperial Crown,9211,True,False
389,389,44,Hindustan Ambassador,5836,True,False
390,390,33,Jaguar XJ,2890,False,False
391,391,20,Perodua Myvi,6033,False,False
392,392,14,Fiat Uno,4219,True,True
393,393,37,Alfa Romeo Alfasud,9687,True,True
394,394,82,Mitsubishi Lancer,1108,False,False
395,395,88,Mazda MX-5,3086,False,True
396,396,78,Pontiac Grand Am,76,False,False
397,397,67,DeSoto Custom,6964,False,True
398,398,53,Crosley,4672,False,True
399,399,4,SEAT Ibiza,5818,True,False
400,400,34,Chevrolet Volt,2829,True,False
401,401,12,Smart Fortwo,8500,True,True
402,402,79,Bugatti Type 40,2451,False,True
403,403,63,Checker Marathon,4958,True,True
404,404,75,SEAT Ibiza,4742,False,True
405,405,89,De Tomaso Pantera,1740,False,True
406,406,37,De Tomaso Pantera,2463,True,False
407,407,9,Volkswagen Gol,7040,True,False
408,408,2,Cadillac De Ville,7257,True,True
409,409,15,Crosley,5038,True,False
410,410,56,BMW 3 Series,5691,True,False
411,411,30,Nissan Z-cars,1067,True,True
412,412,18,Volkswagen Type 2,3870,True,True
413,413,17,Facellia,5743,False,True
414,414,25,Dodge Coronet,7617,True,False
415,415,72,De Tomaso Pantera,7903,True,True
416,416,45,Volkswagen Golf,4941,True,False
417,417,78,Eagle Talon,7095,False,True
418,418,87,Lamborghini Gallardo,4094,False,True
419,419,44,Ford F-Series,1154,True,True
420,420,83,Volkswagen Gol,245,False,False
421,421,66,Trabant,3259,False,False
422,422,65,Volkswagen Golf,2168,True,True
423,423,66,Volkswagen Santana,6223,False,True
424,424,27,Facellia,4355,True,True
425,425,83,Volvo 200 Series,1345,True,True
426,426,52,Zaporozhets,4368,True,True
427,427,85,Volkswagen Type 2,5672,True,False
428,428,52,Škoda Octavia,3292,True,True
429,429,32,Porsche 911 GT3 Cup,4822,False,True
430,430,66,Nissan Leaf,172,True,True
431,431,53,SEAT Ibiza,4216,False,True
432,432,40,Fiat Uno,2377,True,True
433,433,57,Continental Mark II,9301,False,True
434,434,23,Honda Civic,97,True,True
435,435,12,Lada Riva,9247,True,True
436,436,59,Packard Eight,2610,False,True
437,437,13,Nissan Z-cars,6194,True,False
438,438,43,Chrysler Newport,8239,True,False
439,439,26,Cadillac De Ville,9084,False,False
440,440,39,Smart Fortwo,5309,True,True
441,441,25,Chevrolet Impala,4910,False,False
442,442,66,Rambler Classic,293,False,True
443,443,96,Maserati Biturbo,8805,True,False
444,444,51,Lada Riva,5693,False,False
445,445,93,Mazda RX-7,4892,True,False
446,446,26,Metropolitan,3742,True,True
447,447,94,Opel Corsa,1365,True,True
448,448,43,Tesla Model S,2838,False,True
449,449,43,Fiat Uno,2105,False,True
450,450,44,Nissan Z-cars,7989,True,True
451,451,47,Mazda MX-5,1199,True,True
452,452,73,Lancia Ypsilon,8259,False,True
453,453,4,Henry J Deluxe,6707,True,False
454,454,11,Eagle Talon,6905,False,True
455,455,91,Messerschmitt KR200,517,True,False
456,456,89,Frazer Standard,593,True,True
457,457,28,Imperial Crown,4646,False,True
458,458,61,Ford F-Series,8158,True,False
459,459,3,Mitsubishi Lancer,3742,True,True
460,460,73,Maserati Biturbo,5391,False,False
461,461,79,Perodua Myvi,9683,False,False
462,462,99,Koenigsegg CCX,6098,True,False
463,463,43,Chevrolet Volt,9864,False,True
464,464,51,Volvo 200 Series,6902,True,False
465,465,3,Rambler Classic,669,False,True
466,466,68,Zaporozhets,2595,False,False
467,467,95,McLaren 12C,9987,True,True
468,468,50,Renault Clio,8839,True,False
469,469,58,Autobianchi A112,5122,True,False
470,470,10,Chevrolet Impala,1952,True,False
471,471,86,Volkswagen Type 2,2295,True,True
472,472,7,Nissan Leaf,8748,True,False
473,473,13,Renault Clio,4016,True,True
474,474,53,Perodua Myvi,5210,True,False
475,475,39,Volkswagen Santana,5059,False,True
476,476,19,Nissan Leaf,7963,False,False
477,477,20,McLaren 12C,5522,True,True
478,478,32,Checker Marathon,1042,False,False
479,479,88,Peugeot 206,5483,False,False
480,480,86,Ferrari 360,4684,True,True
481,481,37,Continental Mark II,8510,False,True
482,482,97,Rambler Classic,8246,False,True
483,483,74,Aston Martin DB7,5950,False,True
484,484,29,Simca 1100,2979,False,False
485,485,70,Mazda RX-7,5266,True,True
486,486,29,Lotus Elise,8025,False,True
487,487,65,Nissan Leaf,1344,False,True
488,488,8,Imperial Crown,3668,False,True
489,489,41,Pontiac Grand Am,5830,True,False
490,490,19,Studebaker Champion,6342,True,False
491,491,89,Oldsmobile Cutlass,6775,False,False
492,492,83,Citroën 2CV,8227,True,True
493,493,9,Cadillac De Ville,5351,True,True
494,494,50,Studebaker Champion,5300,True,False
495,495,40,Volkswagen Santana,8017,False,True
496,496,68,Hindustan Ambassador,5089,False,False
497,497,65,Eagle Talon,510,False,True
498,498,87,Tesla Model S,7727,True,False
499,499,5,Chevrolet Impala,5260,True,False
500,500,92,Hudson Super,7621,False,True
501,501,49,Mercury Grand Marquis,7327,True,False
502,502,33,BMW 3 Series,969,True,False
503,503,83,Saab 900,3768,False,True
504,504,37,Pontiac Grand Am,5684,False,True
505,505,12,Continental Mark II,3183,False,False
506,506,41,Saab 900,4761,False,False
507,507,82,Bugatti Type 40,1244,True,False
508,508,69,Renault Clio,1352,True,False
509,509,29,Toyota Prius,4583,True,False
510,510,25,Kaiser Deluxe,9844,True,False
511,511,51,Studebaker Champion,6115,True,False
512,512,13,Alpine A310,667,False,True
513,513,54,Hudson Super,6850,False,False
514,514,28,Frazer Standard,4153,True,False
515,515,36,Lancia Ypsilon,8104,True,False
516,516,54,Perodua Myvi,6370,False,False
517,517,81,Volkswagen Beetle,8252,False,True
518,518,38,Continental Mark II,3883,False,False
519,519,59,Jeep Cherokee (XJ),2096,False,True
520,520,3,Perodua Myvi,9540,True,True
521,521,12,Subaru Legacy,420,False,False
522,522,86,Bugatti Type 40,7836,False,True
523,523,94,Kaiser Deluxe,9984,False,False
524,524,45,Hudson Super,4011,False,True
525,525,42,Maserati Biturbo,3383,True,False
526,526,45,Chevrolet Volt,6576,False,True
527,527,89,Eagle Talon,4779,True,False
528,528,7,Ford F-Series,887,True,False
529,529,21,Tesla Model S,4985,True,False
530,530,9,Eagle Talon,4152,False,False
531,531,97,Chevrolet Impala,4527,False,True
532,532,2,Lincoln Town Car,3242,True,True
533,533,19,Rambler Classic,9726,True,True
534,534,6,Hudson Super,6015,False,True
535,535,97,Chrysler Newport,311,False,False
536,536,40,Koenigsegg CCX,2996,False,True
537,537,57,Trabant,1262,False,False
538,538,54,Fiat Uno,4812,True,True
539,539,53,BMW 3 Series,8055,False,False
540,540,82,Peel Trident,2141,True,False
541,541,30,Volvo 200 Series,1263,True,False
542,542,36,Henry J Deluxe,4203,False,False
543,543,26,Lamborghini Gallardo,4635,True,False
544,544,5,Jeep Cherokee (XJ),626,True,True
545,545,67,Volkswagen Golf,4039,False,True
546,546,54,Maserati Biturbo,5439,False,True
547,547,36,Porsche 911,4276,True,False
548,548,9,Toyota Corolla,3367,False,False
549,549,23,Holden Commodore,4543,True,True
550,550,97,Fiat Uno,6093,False,False
551,551,93,Ford F-Series,4800,True,False
552,552,30,Chevrolet Impala,7438,True,False
553,553,0,Fiat Uno,4022,False,False
554,554,20,Facellia,9752,True,True
555,555,8,Alfa Romeo Alfasud,4486,True,True
556,556,29,Koenigsegg CCX,8804,True,True
557,557,61,Ford F-Series,8915,True,False
558,558,73,Buick LeSabre,9592,True,True
559,559,87,Volkswagen Type 2,1076,True,True
560,560,16,Nissan Leaf,9262,False,True
561,561,20,Volkswagen Golf,1259,True,True
562,562,17,Renault Symbol,7801,True,False
563,563,88,Ferrari 360,2413,False,True
564,564,23,Lotus Elise,3034,False,True
565,565,57,Continental Mark II,5674,False,False
566,566,45,Zaporozhets,5421,True,True
567,567,51,Facellia,7230,True,False
568,568,77,Ford Falcon,3802,False,True
569,569,54,Volkswagen Gol,3404,True,False
570,570,96,Frazer Standard,7225,False,False
571,571,86,Toyota Corolla,3214,True,True
572,572,96,Toyota Corolla,7096,True,True
573,573,16,Ferrari 360,7113,False,False
574,574,90,DeSoto Custom,569,True,True
575,575,36,Studebaker Champion,5696,True,True
576,576,5,Volkswagen Golf,9889,True,False
577,577,77,Toyota Corolla,5199,True,True
578,578,37,Aston Martin DB7,3693,True,True
579,579,12,Volkswagen Golf,6489,False,True
580,580,23,Volkswagen Golf,6883,True,True
581,581,81,Škoda Octavia,5763,False,False
582,582,43,Messerschmitt KR200,8373,False,False
583,583,94,Volkswagen Golf,2781,True,True
584,584,12,Chevrolet Volt,8279,True,False
585,585,9,De Tomaso Pantera,3237,True,False
586,586,37,Renault Symbol,1185,False,False
587,587,68,Volkswagen Golf,4463,True,False
588,588,37,Alpine A310,7462,False,False
589,589,35,Messerschmitt KR200,2006,True,True
590,590,67,Mercedes-Benz C-Class,7979,True,True
591,591,93,BMW 3 Series,6166,False,True
592,592,71,Lamborghini Gallardo,6947,True,True
593,593,80,Koenigsegg CCX,1276,False,True
594,594,12,Lotus Elise,7574,True,True
595,595,84,Ferrari 360,8341,False,True
596,596,58,Mitsubishi Lancer,7473,False,True
597,597,50,DeSoto Custom,1549,False,True
598,598,74,Hindustan Ambassador,75,True,False
599,599,75,Packard Eight,5261,True,True
600,600,72,Lamborghini Gallardo,6402,False,False
601,601,99,Honda Civic,772,False,True
602,602,5,Volkswagen Gol,6140,False,True
603,603,78,Tesla Model S,1528,True,True
604,604,22,Perodua Myvi,6794,False,False
605,605,99,Subaru Legacy,9406,True,False
606,606,60,Volvo 200 Series,681,False,False
607,607,69,Oldsmobile Cutlass,4510,False,False
608,608,22,Mazda MX-5,6353,False,False
609,609,48,Smart Fortwo,7549,False,True
610,610,11,Nissan Leaf,914,True,False
611,611,14,Smart Fortwo,759,False,True
612,612,51,Excalibur Series II,714,True,False
613,613,74,Fiat Uno,6370,True,True
614,614,58,Jaguar XJ,2773,True,False
615,615,39,Lincoln Town Car,9476,False,False
616,616,87,Alfa Romeo Alfasud,2321,True,False
617,617,23,Opel Corsa,3426,True,True
618,618,8,Crosley,4823,True,True
619,619,47,Ford Model T,3966,True,True
620,620,63,Volkswagen Beetle,5631,False,True
621,621,59,Peugeot 206,4284,True,True
622,622,2,Dodge Coronet,135,False,False
623,623,59,Alpine A310,5508,True,True
624,624,20,Oldsmobile Cutlass,9667,True,True
625,625,17,Chevrolet Impala,3504,True,False
626,626,5,Mercedes-Benz C-Class,4541,True,False
627,627,26,Edsel Ranger,9238,False,True
628,628,60,Edsel Ranger,4248,True,True
629,629,57,Checker Marathon,9884,False,False
630,630,43,Renault Clio,2222,False,True
631,631,70,Chevrolet Impala,8192,False,False
632,632,12,ZAZ Zaporozhets,7971,False,True
633,633,80,Ford Falcon,504,False,False
634,634,20,Toyota Corolla,3374,True,False
635,635,47,Subaru Legacy,3920,False,True
636,636,28,Checker Marathon,8487,True,False
637,637,40,Mazda RX-7,5949,False,True
638,638,31,Eagle Talon,2691,False,True
639,639,90,Metropolitan,9445,False,True
640,640,81,Peel Trident,8200,True,True
641,641,26,SEAT Ibiza,4302,True,True
642,642,40,AMC Hornet,9177,False,True
643,643,73,Chevrolet Volt,9874,False,False
644,644,61,Nash Statesman,2006,False,False
645,645,93,Henry J Deluxe,832,False,True
646,646,90,Toyota Corolla,6468,False,False
647,647,58,BMW 3 Series,2924,False,True
648,648,84,Morris Mini,5959,False,True
649,649,35,Perodua Myvi,7476,False,False
650,650,23,Continental Mark II,6041,False,False
651,651,35,Peugeot 206,3348,True,True
652,652,39,Excalibur Series II,7543,False,False
653,653,43,SEAT Ibiza,1685,False,True
654,654,28,Mercedes-Benz C-Class,1244,False,False
655,655,71,Honda Civic,2929,False,True
656,656,65,Frazer Standard,1473,True,False
657,657,46,Packard Eight,3928,False,False
658,658,73,Bugatti Type 40,549,True,True
659,659,48,Cadillac De Ville,6009,False,False
660,660,1,Volkswagen Golf,1236,True,False
661,661,31,Lincoln Town Car,6763,False,True
662,662,97,Ford Model T,3559,False,True
663,663,31,Alfa Romeo Alfasud,6039,True,False
664,664,34,Nash Statesman,6214,True,True
665,665,44,Renault Clio,2518,True,True
666,666,23,Crosley,5754,False,False
667,667,54,Alpine A310,5587,True,False
668,668,26,BMW 3 Series,4755,True,True
669,669,35,Dodge Coronet,6835,False,True
670,670,75,Oldsmobile Cutlass,3311,True,True
671,671,85,Hudson Super,404,True,True
672,672,76,Oldsmobile Cutlass,2532,False,False
673,673,36,Aston Martin DB7,4041,False,True
674,674,74,Peel Trident,8831,False,True
675,675,2,Renault Clio,2732,False,True
676,676,48,Rolls-Royce Silver Shadow,2031,False,False
677,677,91,Peugeot 206,4924,True,True
678,678,15,Mazda MX-5,7686,True,True
679,679,91,Zaporozhets,7620,False,True
680,680,55,Chevrolet Volt,9304,True,True
681,681,84,Rolls-Royce Silver Shadow,8575,False,False
682,682,27,Renault Clio,4673,True,False
683,683,47,Toyota Prius,6999,False,False
684,684,0,Toyota Corolla,3310,False,False
685,685,19,Volkswagen Santana,4071,True,True
686,686,33,Renault Clio,9447,True,False
687,687,92,Autobianchi A112,1904,False,False
688,688,5,Facellia,9244,False,True
689,689,9,Volkswagen Gol,7680,False,False
690,690,1,Škoda Octavia,3595,False,False
691,691,96,Messerschmitt KR200,8032,False,False
692,692,13,Volkswagen Beetle,993,True,False
693,693,38,AMC Hornet,2500,True,True
694,694,51,Fiat Uno,3403,False,True
695,695,60,Perodua Myvi,1776,False,True
696,696,51,Jeep Cherokee (XJ),5233,False,True
697,697,88,Lincoln Town Car,3090,False,True
698,698,79,Peugeot 206,1190,False,True
699,699,85,Saab 900,6825,False,True
700,700,59,Lada Riva,8648,True,True
701,701,18,Nissan Leaf,4972,True,True
702,702,9,Fiat Uno,9,False,True
703,703,91,SEAT Ibiza,4029,True,True
704,704,47,Willys 77,4169,False,True
705,705,28,Imperial Crown,6111,False,False
706,706,71,Nash Statesman,14,False,True
707,707,55,Henry J Deluxe,1629,False,False
708,708,62,Aston Martin DB7,7514,False,False
709,709,48,Lamborghini Gallardo,9726,False,False
710,710,47,Renault Clio,1734,False,True
711,711,80,Lamborghini Gallardo,4654,False,False
712,712,31,Perodua Myvi,4790,True,False
713,713,85,Cadillac De Ville,1435,False,True
714,714,26,Lancia Ypsilon,7529,True,True
715,715,79,Lada Riva,7776,False,True
716,716,83,Willys 77,5739,False,True
717,717,82,Dodge Coronet,2067,False,True
718,718,98,Hindustan Ambassador,6128,False,False
719,719,76,Lamborghini Gallardo,2012,False,True
720,720,73,Oldsmobile Cutlass,5257,False,True
721,721,48,Volvo 200 Series,8266,False,True
722,722,49,Ford F-Series,7680,False,True
723,723,96,Metropolitan,6664,False,False
724,724,24,Volkswagen Beetle,2878,True,True
725,725,99,Smart Fortwo,7325,True,False
726,726,47,Imperial Crown,5579,True,True
727,727,60,Honda Civic,1373,False,False
728,728,90,Chevrolet Volt,9646,True,True
729,729,99,McLaren 12C,7827,True,True
730,730,15,Renault Clio,9451,True,True
731,731,49,Hindustan Ambassador,7567,True,False
732,732,94,SEAT Ibiza,7375,False,True
733,733,9,Simca 1100,7876,False,False
734,734,81,SEAT Ibiza,2076,False,False
735,735,10,Toyota Corolla,9586,True,False
736,736,92,McLaren 12C,4778,False,True
737,737,26,Subaru Legacy,8511,False,False
738,738,3,Edsel Ranger,5783,True,False
739,739,18,Facellia,8983,True,False
740,740,81,Ford F-Series,5782,False,False
741,741,43,Rolls-Royce Silver Shadow,5570,False,True
742,742,2,AMC Hornet,4749,False,False
743,743,33,Chrysler Newport,1663,True,False
744,744,26,Simca 1100,8138,False,True
745,745,73,Mitsubishi Lancer,7044,False,True
746,746,14,Trabant,6868,True,False
747,747,55,Porsche 911,6700,False,True
748,748,94,Mazda Familia,1197,False,False
749,749,5,Eagle Talon,2071,True,False
750,750,14,Lamborghini Gallardo,6382,False,True
751,751,10,Metropolitan,5891,True,False
752,752,77,Ford F-Series,4528,False,False
753,753,39,Volkswagen Gol,9527,False,False
754,754,97,Ferrari 360,6801,False,True
755,755,55,Buick LeSabre,3110,False,False
756,756,57,Simca 1100,2447,True,True
757,757,19,Excalibur Series II,8170,True,True
758,758,16,Subaru Legacy,7492,False,False
759,759,3,Plymouth Fury,1330,True,True
760,760,95,Continental Mark II,304,True,True
761,761,78,Mazda RX-7,4228,True,False
762,762,1,Ford F-Series,7717,False,False
763,763,30,Peugeot 206,867,True,True
764,764,2,Volvo 200 Series,5396,False,True
765,765,87,De Tomaso Pantera,8635,True,True
766,766,70,Messerschmitt KR200,6444,True,False
767,767,66,Toyota Prius,3345,False,True
768,768,37,Chrysler Newport,9783,True,True
769,769,29,Tesla Model S,4138,True,True
770,770,49,Kaiser Deluxe,6822,False,True
771,771,96,Peel Trident,899,False,True
772,772,35,Mazda Familia,1218,False,True
773,773,1,Ferrari 360,9796,False,False
774,774,3,Tesla Model S,8174,False,True
775,775,76,Frazer Standard,7569,True,False
776,776,86,Ford F-Series,3528,False,False
777,777,7,Chrysler Newport,1874,True,True
778,778,27,Renault Symbol,2488,False,False
779,779,24,Perodua Myvi,8834,False,True
780,780,15,Frazer Standard,90,False,False
781,781,90,Chevrolet Impala,8504,False,False
782,782,21,Saturn S-Series,6099,False,True
783,783,28,Volkswagen Santana,8898,True,False
784,784,28,Porsche 911 GT3 Cup,5241,False,False
785,785,42,Mitsubishi Lancer,9066,False,False
786,786,11,Chrysler Newport,9503,True,True
787,787,95,Continental Mark II,1707,True,False
788,788,0,Toyota Prius,7961,True,False
789,789,68,Porsche 911 GT3 Cup,9331,True,True
790,790,57,Chrysler Newport,4463,True,False
791,791,36,Ford Model T,5110,False,True
792,792,12,Lada Riva,1992,True,False
793,793,37,Imperial Crown,990,False,False
794,794,60,Ford Falcon,4417,False,True
795,795,15,Trabant,36,True,False
796,796,40,Mazda MX-5,6598,True,False
797,797,18,Ford Model T,3031,False,True
798,798,42,Chevrolet Impala,3509,True,False
799,799,62,Fiat Uno,7400,True,False
800,800,76,Mitsubishi Lancer,6419,False,True
801,801,68,Lamborghini Gallardo,5296,True,True
802,802,87,Jaguar XJ,3757,False,True
803,803,54,Cadillac De Ville,4319,True,False
804,804,48,Smart Fortwo,8490,False,True
805,805,79,Henry J Deluxe,7023,False,True
806,806,96,Morris Mini,4237,False,False
807,807,38,Alfa Romeo Alfasud,7590,False,True
808,808,76,Willys 77,890,False,True
809,809,11,Rambler Classic,3468,True,True
810,810,87,Volkswagen Golf,9400,True,False
811,811,48,Dodge Coronet,9872,True,False
812,812,97,Series/Defender,7560,False,True
813,813,5,SEAT Ibiza,697,False,False
814,814,65,Maserati Biturbo,4725,True,False
815,815,60,Toyota Corolla,3268,True,True
816,816,76,Lotus Elise,3513,True,False
817,817,74,Autobianchi A112,7447,True,True
818,818,66,Volkswagen Golf,2223,True,True
819,819,20,Nash Statesman,6849,False,False
820,820,31,Chevrolet Impala,9386,False,False
821,821,65,Tesla Model S,8170,True,True
822,822,73,Maserati Biturbo,6389,False,False
823,823,53,Ford F-Series,8194,True,True
824,824,50,Lada Riva,5457,False,True
825,825,95,Oldsmobile Cutlass,7890,False,True
826,826,87,Opel Corsa,4545,True,False
827,827,64,AMC Hornet,6564,False,False
828,828,28,Chrysler Newport,3029,False,True
829,829,53,Series/Defender,1332,False,True
830,830,43,SEAT Ibiza,4009,False,False
831,831,72,Zaporozhets,7254,True,True
832,832,15,Škoda Octavia,5986,True,True
833,833,27,Smart Fortwo,1721,False,False
834,834,27,Aston Martin DB7,6833,True,False
835,835,96,Lada Riva,3542,False,False
836,836,3,Metropolitan,1831,True,False
837,837,34,Lotus Elise,835,True,False
838,838,9,DeSoto Custom,1136,False,True
839,839,17,Perodua Myvi,8949,False,False
840,840,71,Studebaker Champion,6183,False,True
841,841,96,Jeep Cherokee (XJ),2301,False,False
842,842,19,Alpine A310,2785,False,True
843,843,83,Hindustan Ambassador,9521,False,False
844,844,88,Jeep Cherokee (XJ),8750,True,False
845,845,87,Eagle Talon,1422,False,True
846,846,98,Mazda MX-5,1285,False,False
847,847,60,Lamborghini Gallardo,9395,False,True
848,848,61,Jaguar XJ,5810,True,False
849,849,99,Lotus Elise,7015,True,True
850,850,75,Mazda MX-5,2809,True,True
851,851,7,Lancia Ypsilon,9968,False,False
852,852,66,Edsel Ranger,9224,False,False
853,853,97,DeSoto Custom,3819,True,True
854,854,96,Alpine A310,5930,True,False
855,855,18,Buick LeSabre,5669,False,False
856,856,33,BMW 3 Series,2781,True,True
857,857,20,Perodua Myvi,6812,True,True
858,858,36,Chrysler Newport,9006,True,False
859,859,70,SEAT Ibiza,9442,True,False
860,860,58,Hindustan Ambassador,4969,False,False
861,861,3,Mazda RX-7,9757,True,True
862,862,0,Chevrolet Impala,4900,True,True
863,863,84,Peugeot 206,9620,False,True
864,864,25,BMW 3 Series,8306,True,False
865,865,97,McLaren 12C,155,True,True
866,866,56,McLaren 12C,668,True,False
867,867,9,Tesla Model S,6402,True,True
868,868,9,Ford F-Series,5166,True,True
869,869,72,Facellia,1463,True,True
870,870,88,Citroën 2CV,2288,False,False
871,871,10,Ford Falcon,3842,False,True
872,872,84,Imperial Crown,2866,False,False
873,873,39,Ford F-Series,8528,True,False
874,874,48,Chevrolet Impala,9207,True,True
875,875,22,Volkswagen Golf,4452,False,False
876,876,53,Messerschmitt KR200,5232,False,False
877,877,34,AMC Hornet,2531,False,False
878,878,94,Opel Corsa,3346,True,False
879,879,18,Citroën 2CV,103,True,True
880,880,17,Kaiser Deluxe,8103,True,True
881,881,20,Saab 900,9259,True,True
882,882,15,Ford F-Series,1489,False,True
883,883,18,SEAT Ibiza,7844,False,False
884,884,57,Jaguar XJ,5119,True,True
885,885,50,Aston Martin DB7,6000,True,False
886,886,89,Škoda Octavia,406,False,False
887,887,49,Ford F-Series,7560,True,True
888,888,79,Perodua Myvi,6603,True,False
889,889,89,Smart Fortwo,3934,False,False
890,890,59,Lada Riva,792,False,False
891,891,37,Mazda MX-5,1707,False,True
892,892,51,Ford Falcon,4560,True,False
893,893,8,Crosley,2918,False,True
894,894,7,Perodua Myvi,1932,False,True
895,895,95,Crosley,5187,False,False
896,896,28,Citroën 2CV,9561,False,False
897,897,97,Škoda Octavia,7030,False,False
898,898,17,Mazda RX-7,770,False,True
899,899,31,Chevrolet Volt,1665,False,False
900,900,10,ZAZ Zaporozhets,7732,False,True
901,901,8,Plymouth Fury,1286,False,True
902,902,49,Volkswagen Golf,9775,False,False
903,903,79,De Tomaso Pantera,8483,True,True
904,904,65,Tesla Model S,7223,True,True
905,905,85,Messerschmitt KR200,443,True,True
906,906,69,Toyota Corolla,5138,False,True
907,907,80,DeSoto Custom,6262,True,False
908,908,90,Mazda Familia,3190,True,False
909,909,40,Jaguar XJ,4812,False,True
910,910,57,Mercury Grand Marquis,8886,True,True
911,911,25,Ford F-Series,3704,False,True
912,912,6,Alpine A310,2842,False,False
913,913,22,Mazda RX-7,7618,False,True
914,914,63,Volkswagen Golf,7355,False,True
915,915,95,Lamborghini Gallardo,9311,True,True
916,916,31,Imperial Crown,8457,True,False
917,917,89,De Tomaso Pantera,9854,False,False
918,918,54,De Tomaso Pantera,8411,True,True
919,919,61,Imperial Crown,5566,True,True
920,920,87,Renault Symbol,4497,True,False
921,921,19,SEAT Ibiza,8987,True,False
922,922,26,Volvo 200 Series,2154,True,False
923,923,87,Lamborghini Gallardo,9387,False,True
924,924,75,Volkswagen Golf,4547,True,False
925,925,35,Toyota Corolla,1178,False,False
926,926,98,Mazda Familia,7804,True,False
927,927,91,Frazer Standard,3598,False,True
928,928,77,Excalibur Series II,6758,True,False
929,929,23,Rambler Classic,774,False,True
930,930,97,Volvo 200 Series,895,False,True
931,931,37,BMW 3 Series,9260,False,True
932,932,20,Zaporozhets,144,False,False
933,933,87,Oldsmobile Cutlass,3598,True,False
934,934,95,Toyota Corolla,9228,False,True
935,935,22,Mazda RX-7,1353,True,False
936,936,86,Volvo 200 Series,9201,False,True
937,937,86,Škoda Octavia,301,False,True
938,938,5,Volkswagen Santana,4049,True,False
939,939,58,Mazda MX-5,19,False,True
940,940,47,Volkswagen Gol,7114,True,False
941,941,29,Lamborghini Gallardo,5640,False,True
942,942,34,Willys 77,8467,True,True
943,943,58,Alpine A310,2958,False,True
944,944,14,Mercury Grand Marquis,9204,True,False
945,945,19,Toyota Prius,4157,False,True
946,946,94,Kaiser Deluxe,9657,False,True
947,947,0,Eagle Talon,6533,True,True
948,948,19,Pontiac Grand Am,6713,True,False
949,949,73,Ford F-Series,5241,True,False
950,950,58,Jeep Cherokee (XJ),6874,True,False
951,951,74,Renault Clio,5209,True,True
952,952,58,Saab 900,4837,False,True
953,953,88,Volkswagen Santana,8864,True,True
954,954,64,Nissan Leaf,1442,True,True
955,955,66,Buick LeSabre,5214,False,False
956,956,94,Porsche 911 GT3 Cup,1260,True,False
957,957,59,Mitsubishi Lancer,5959,True,True
958,958,22,Saab 900,4768,False,True
959,959,58,Pontiac Grand Am,2169,False,False
960,960,2,Mercury Grand Marquis,42,True,True
961,961,93,Lada Riva,6308,False,False
962,962,2,Series/Defender,188,True,False
963,963,24,Maserati Biturbo,2563,True,False
964,964,77,Cadillac De Ville,5927,False,False
965,965,55,Renault Symbol,8976,True,False
966,966,16,Mercedes-Benz C-Class,3651,False,False
967,967,50,Perodua Myvi,886,True,True
968,968,93,Checker Marathon,415,True,False
969,969,27,Henry J Deluxe,4173,False,False
970,970,14,Lincoln Town Car,7485,False,False
971,971,85,AMC Hornet,3731,False,False
972,972,75,McLaren 12C,5815,True,False
973,973,36,ZAZ Zaporozhets,5260,False,False
974,974,44,Volkswagen Golf,5493,True,False
975,975,21,Perodua Myvi,771,False,True
976,976,64,Jaguar XJ,938,True,True
977,977,88,Kaiser Deluxe,3860,True,True
978,978,77,Series/Defender,5198,True,False
979,979,8,Škoda Octavia,7358,True,True
980,980,9,Series/Defender,6379,False,False
981,981,83,Trabant,156,False,True
982,982,38,Crosley,181,True,False
983,983,91,Kaiser Deluxe,5346,True,False
984,984,38,Morris Mini,6295,False,False
985,985,97,DeSoto Custom,1299,True,True
986,986,82,Perodua Myvi,409,True,True
987,987,22,Porsche 911,3681,False,True
988,988,62,Ford F-Series,6220,False,False
989,989,79,Honda Civic,8216,True,True
990,990,34,Hudson Super,7254,True,False
991,991,94,Lancia Ypsilon,3726,True,True
992,992,88,Volkswagen Beetle,7806,False,True
993,993,40,Pontiac Grand Am,5617,False,False
994,994,80,Citroën 2CV,5000,False,False
995,995,80,Series/Defender,5727,True,False
996,996,78,Lancia Ypsilon,9128,True,False
997,997,88,Lada Riva,6029,False,False
998,998,19,Oldsmobile Cutlass,9550,False,True
999,999,9,Ford F-Series,8303,True,True
1000,1000,20,Checker Marathon,7351,False,False
1001,1001,55,DeSoto Custom,7813,True,True
1002,1002,37,Škoda Octavia,4678,False,True
1003,1003,58,Simca 1100,624,True,False
1004,1004,27,Rolls-Royce Silver Shadow,3317,True,True
1005,1005,43,Crosley,1514,False,False
1006,1006,52,Bugatti Type 40,4691,True,False
1007,1007,45,Jeep Cherokee (XJ),7318,False,False
1008,1008,16,Opel Corsa,6481,True,False
1009,1009,53,Morris Mini,4413,True,False
1010,1010,52,BMW 3 Series,404,True,True
1011,1011,80,Edsel Ranger,8544,False,True
1012,1012,58,Cadillac De Ville,8982,False,True
1013,1013,86,Volkswagen Santana,5136,False,True
1014,1014,99,Maserati Biturbo,1623,False,False
1015,1015,54,Oldsmobile Cutlass,3827,True,False
1016,1016,93,Maserati Biturbo,5824,True,False
1017,1017,40,Imperial Crown,2384,True,False
1018,1018,37,Rambler Classic,8624,False,False
1019,1019,31,Honda Civic,2750,True,False
1020,1020,26,Saturn S-Series,7182,True,False
1021,1021,85,SEAT Ibiza,5225,True,False
1022,1022,64,Imperial Crown,3915,True,False
1023,1023,5,Simca 1100,173,True,False
1024,1024,92,Mercedes-Benz C-Class,2676,False,False
1025,1025,67,Checker Marathon,4013,True,True
1026,1026,46,Renault Symbol,2264,False,True
1027,1027,52,Cadillac De Ville,7004,False,False
1028,1028,13,Frazer Standard,3137,True,True
1029,1029,7,Packard Eight,1256,True,True
1030,1030,91,Ferrari 360,875,True,True
1031,1031,64,Excalibur Series II,9989,False,False
1032,1032,82,Lada Riva,5898,True,True
1033,1033,91,Peel Trident,7892,False,False
1034,1034,20,Volkswagen Gol,845,False,True
1035,1035,21,Edsel Ranger,7972,True,True
1036,1036,57,Dodge Coronet,4053,False,True
1037,1037,7,Volkswagen Golf,5485,False,True
1038,1038,66,Ferrari 360,1418,False,True
1039,1039,46,Ford F-Series,9436,False,False
1040,1040,21,Lincoln Town Car,7406,True,True
1041,1041,34,SEAT Ibiza,1726,False,True
1042,1042,38,Maserati Biturbo,890,True,True
1043,1043,49,Morris Mini,5653,True,False
1044,1044,28,Volvo 200 Series,205,False,False
1045,1045,61,Facellia,9184,False,True
1046,1046,39,Mazda Familia,4069,False,False
1047,1047,22,Saturn S-Series,2597,True,False
1048,1048,82,Alfa Romeo Alfasud,8335,False,True
1049,1049,38,Porsche 911,5189,True,True
1050,1050,53,McLaren 12C,4696,False,True
1051,1051,88,Autobianchi A112,4918,False,False
1052,1052,76,Fiat Uno,8406,False,True
1053,1053,53,McLaren 12C,842,True,False
1054,1054,21,Škoda Octavia,8289,False,True
1055,1055,24,Simca 1100,7479,False,True
1056,1056,73,Chevrolet Impala,4637,False,False
1057,1057,78,SEAT Ibiza,1888,False,True
1058,1058,22,Kaiser Deluxe,2019,True,False
1059,1059,61,Mercedes-Benz C-Class,6631,False,True
1060,1060,44,Ford Model T,5022,True,True
1061,1061,87,Autobianchi A112,5125,False,True
1062,1062,55,Toyota Corolla,3333,True,True
1063,1063,97,Toyota Corolla,6089,False,False
1064,1064,32,Hudson Super,7219,False,True
1065,1065,89,Tesla Model S,9281,False,False
1066,1066,59,Bugatti Type 40,3770,False,True
1067,1067,72,Metropolitan,3724,True,True
1068,1068,77,Opel Corsa,3900,True,True
1069,1069,6,Imperial Crown,4879,False,False
1070,1070,85,Chevrolet Volt,5230,False,False
1071,1071,19,Volvo 200 Series,8122,False,True
1072,1072,34,Excalibur Series II,6220,True,True
1073,1073,59,Škoda Octavia,8190,False,True
1074,1074,93,Chevrolet Volt,7473,False,False
1075,1075,39,Hindustan Ambassador,7981,False,True
1076,1076,1,Chevrolet Volt,7356,False,False
1077,1077,99,Jeep Cherokee (XJ),2239,False,True
1078,1078,53,Jeep Cherokee (XJ),4200,True,False
1079,1079,36,Toyota Prius,3110,False,False
1080,1080,52,Edsel Ranger,5399,True,True
1081,1081,31,Toyota Corolla,8722,True,True
1082,1082,90,Jaguar XJ,9838,True,False
1083,1083,49,Toyota Prius,6788,True,False
1084,1084,94,Renault Clio,6710,True,False
1085,1085,38,Volkswagen Type 2,7851,False,False
1086,1086,15,Alpine A310,6278,False,True
1087,1087,92,Renault Symbol,1603,True,True
1088,1088,64,Holden Commodore,8971,True,True
1089,1089,39,Ford F-Series,502,True,False
1090,1090,42,Alpine A310,6006,True,False
1091,1091,75,Pontiac Grand Am,7875,True,True
1092,1092,38,Ford F-Series,579,False,True
1093,1093,54,Chrysler Newport,593,False,True
1094,1094,18,Packard Eight,8406,True,True
1095,1095,71,Volvo 200 Series,3456,False,False
1096,1096,73,Rolls-Royce Silver Shadow,7278,True,True
1097,1097,75,Škoda Octavia,82,False,True
1098,1098,17,Series/Defender,2157,False,True
1099,1099,74,Studebaker Champion,8136,True,False
1100,1100,19,Škoda Octavia,669,True,False
1101,1101,91,Metropolitan,8691,True,True
1102,1102,49,Peel Trident,3866,True,False
1103,1103,26,Volkswagen Santana,263,True,True
1104,1104,53,Chrysler Newport,2156,False,False
1105,1105,23,McLaren 12C,5654,True,True
1106,1106,50,Škoda Octavia,1345,True,True
1107,1107,21,Hindustan Ambassador,3050,False,False
1108,1108,88,Rolls-Royce Silver Shadow,7046,False,True
1109,1109,37,Frazer Standard,4123,False,True
1110,1110,39,Chrysler Newport,2049,True,True
1111,1111,14,Henry J Deluxe,530,True,True
1112,1112,47,Maserati Biturbo,1333,False,False
1113,1113,68,Checker Marathon,8093,True,True
1114,1114,32,Toyota Corolla,3361,False,False
1115,1115,98,BMW 3 Series,2318,True,True
1116,1116,24,ZAZ Zaporozhets,1771,True,True
1117,1117,60,Metropolitan,5655,False,True
1118,1118,7,Frazer Standard,8023,True,True
1119,1119,81,Willys 77,2590,True,False
1120,1120,85,Volkswagen Type 2,7015,False,True
1121,1121,21,Packard Eight,7162,False,True
1122,1122,15,BMW 3 Series,2774,True,False
1123,1123,34,Continental Mark II,218,False,True
1124,1124,75,Fiat Uno,1588,True,False
1125,1125,3,Toyota Prius,4097,True,True
1126,1126,0,Subaru Legacy,4503,False,True
1127,1127,80,Crosley,5909,True,True
1128,1128,84,Porsche 911,7172,True,False
1129,1129,20,Škoda Octavia,6715,True,True
1130,1130,25,Facellia,8211,True,False
1131,1131,75,Toyota Prius,8533,False,True
1132,1132,98,Volvo 200 Series,7201,True,True
1133,1133,15,Series/Defender,4610,True,False
1134,1134,37,Zaporozhets,8651,False,True
1135,1135,22,Cadillac De Ville,4272,False,False
1136,1136,15,Trabant,9512,False,True
1137,1137,58,Smart Fortwo,4656,False,False
1138,1138,40,Morris Mini,5579,True,True
1139,1139,93,Maserati Biturbo,8931,False,True
1140,1140,42,Renault Clio,1700,True,False
1141,1141,80,Aston Martin DB7,4677,True,False
1142,1142,35,Ferrari 360,959,False,True
1143,1143,36,Nissan Z-cars,4134,False,False
1144,1144,39,Toyota Corolla,4799,False,False
1145,1145,95,Jeep Cherokee (XJ),4288,True,False
1146,1146,75,Ford F-Series,5671,True,True
1147,1147,21,Zaporozhets,2602,True,False
1148,1148,55,Hindustan Ambassador,3907,False,False
1149,1149,33,Alfa Romeo Alfasud,4656,False,False
1150,1150,56,Mazda MX-5,3153,False,True
1151,1151,93,Volvo 200 Series,8342,True,True
1152,1152,70,Citroën 2CV,2811,False,False
1153,1153,56,SEAT Ibiza,7467,False,False
1154,1154,97,Oldsmobile Cutlass,543,False,True
1155,1155,51,Ford Model T,4008,False,False
1156,1156,96,Lotus Elise,5620,False,True
1157,1157,44,Rolls-Royce Silver Shadow,9370,True,True
1158,1158,28,Mazda RX-7,8119,True,True
1159,1159,28,Plymouth Fury,4818,False,False
1160,1160,61,Dodge Coronet,6567,True,True
1161,1161,60,Toyota Corolla,1812,True,True
1162,1162,54,Nissan Leaf,4566,True,False
1163,1163,50,Packard Eight,674,True,False
1164,1164,17,Pontiac Grand Am,8907,False,False
1165,1165,38,Hindustan Ambassador,562,False,False
1166,1166,66,Packard Eight,1669,True,True
1167,1167,59,Checker Marathon,6599,False,False
1168,1168,61,Zaporozhets,5576,True,False
1169,1169,10,Pontiac Grand Am,4428,True,False
1170,1170,63,Toyota Corolla,8843,True,False
1171,1171,80,SEAT Ibiza,5913,False,False
1172,1172,12,Ford Model T,6494,False,False
1173,1173,30,De Tomaso Pantera,5283,True,True
1174,1174,18,Volvo 200 Series,3797,True,False
1175,1175,89,Metropolitan,6917,False,True
1176,1176,68,De Tomaso Pantera,7807,True,False
1177,1177,71,Lamborghini Gallardo,5137,False,False
1178,1178,38,Autobianchi A112,1821,True,True
1179,1179,20,Lincoln Town Car,822,True,False
1180,1180,74,Mazda RX-7,1168,False,True
1181,1181,22,Opel Corsa,991,True,True
1182,1182,82,Volvo 200 Series,3281,True,False
1183,1183,89,SEAT Ibiza,4684,False,True
1184,1184,29,Trabant,7122,False,True
1185,1185,52,Autobianchi A112,3619,False,True
1186,1186,7,Nissan Leaf,9655,True,True
1187,1187,27,Volvo 200 Series,8336,False,True
1188,1188,45,Volvo 200 Series,9119,True,False
1189,1189,80,Eagle Talon,8596,True,False
1190,1190,39,Buick LeSabre,9201,True,True
1191,1191,79,Ford Falcon,2809,False,True
1192,1192,87,Lancia Ypsilon,9771,True,False
1193,1193,3,Zaporozhets,2329,True,False
1194,1194,44,Jaguar XJ,7974,False,True
1195,1195,43,Honda Civic,6421,True,True
1196,1196,27,Citroën 2CV,4509,False,False
1197,1197,63,Mazda Familia,6806,False,True
1198,1198,33,Zaporozhets,557,True,False
1199,1199,60,Rolls-Royce Silver Shadow,4667,False,True
1200,1200,47,Nissan Leaf,3081,True,False
1201,1201,30,Volkswagen Type 2,8814,True,True
1202,1202,59,Chevrolet Impala,8128,False,False
1203,1203,53,Renault Clio,2338,True,True
1204,1204,68,AMC Hornet,3787,False,True
1205,1205,90,Tesla Model S,9506,False,False
1206,1206,57,AMC Hornet,181,False,False
1207,1207,94,Imperial Crown,5583,True,True
1208,1208,54,Renault Clio,4179,False,False
1209,1209,98,Saturn S-Series,9437,False,True
1210,1210,90,Aston Martin DB7,6467,False,True
1211,1211,6,Mercedes-Benz C-Class,7913,True,False
1212,1212,67,Volkswagen Beetle,5939,False,True
1213,1213,51,Nash Statesman,9225,True,False
1214,1214,13,Chevrolet Impala,9597,False,True
1215,1215,26,Nash Statesman,8470,False,False
1216,1216,71,Alfa Romeo Alfasud,886,False,False
1217,1217,3,Hindustan Ambassador,9626,True,True
1218,1218,13,Peugeot 206,4500,True,True
1219,1219,21,Nash Statesman,8899,True,False
1220,1220,52,Mazda MX-5,1304,False,True
1221,1221,64,Škoda Octavia,8752,True,False
1222,1222,81,Mazda RX-7,3326,False,False
1223,1223,39,Volvo 200 Series,8674,False,False
1224,1224,27,Koenigsegg CCX,2093,False,True
1225,1225,26,DeSoto Custom,4732,True,False
1226,1226,2,Volkswagen Golf,2467,True,True
1227,1227,85,Smart Fortwo,7805,False,True
1228,1228,22,Smart Fortwo,4139,True,False
1229,1229,11,Facellia,9760,False,False
1230,1230,99,Fiat Uno,7556,False,True
1231,1231,35,Excalibur Series II,3688,False,True
1232,1232,55,Holden Commodore,9367,True,True
1233,1233,86,Ford Falcon,2692,True,False
1234,1234,12,Henry J Deluxe,4725,True,False
1235,1235,43,Smart Fortwo,1028,True,False
1236,1236,9,Aston Martin DB7,8179,False,True
1237,1237,66,Volvo 200 Series,7675,False,True
1238,1238,12,Facellia,7385,True,False
1239,1239,40,Simca 1100,208,False,True
1240,1240,50,Packard Eight,3937,False,True
1241,1241,3,Morris Mini,6526,True,False
1242,1242,69,AMC Hornet,5171,False,True
1243,1243,33,Toyota Corolla,3974,True,True
1244,1244,56,Edsel Ranger,8102,True,False
1245,1245,46,Lotus Elise,4317,True,True
1246,1246,58,Cadillac De Ville,9546,True,False
1247,1247,70,Cadillac De Ville,3675,True,False
1248,1248,60,Continental Mark II,9380,False,False
1249,1249,84,Continental Mark II,9248,True,True
1250,1250,83,Frazer Standard,9614,False,False
1251,1251,97,Mercury Grand Marquis,9876,True,False
1252,1252,0,Saab 900,7598,True,True
1253,1253,99,Rambler Classic,2144,True,False
1254,1254,8,Fiat Uno,5655,True,False
1255,1255,31,Series/Defender,9837,False,True
1256,1256,6,Jaguar XJ,3999,True,False
1257,1257,80,Toyota Corolla,9772,True,False
1258,1258,59,Holden Commodore,1531,True,True
1259,1259,57,Hudson Super,3812,False,True
1260,1260,30,Jeep Cherokee (XJ),2493,True,False
1261,1261,70,Cadillac De Ville,1216,True,False
1262,1262,4,Mazda RX-7,35,False,True
1263,1263,4,Morris Mini,1209,False,False
1264,1264,78,Checker Marathon,7951,False,True
1265,1265,3,Morris Mini,6159,False,False
1266,1266,95,Series/Defender,2938,False,True
1267,1267,35,Cadillac De Ville,2881,True,False
1268,1268,68,Excalibur Series II,944,True,True
1269,1269,42,Chevrolet Volt,4635,False,False
1270,1270,46,Toyota Prius,6732,True,False
1271,1271,43,Fiat Uno,9173,False,True
1272,1272,68,Renault Symbol,8948,False,False
1273,1273,17,AMC Hornet,2900,False,False
1274,1274,81,Perodua Myvi,1857,False,True
1275,1275,30,Saab 900,2206,False,False
1276,1276,1,Oldsmobile Cutlass,8045,False,True
1277,1277,99,Aston Martin DB7,551,True,True
1278,1278,34,Volkswagen Golf,3111,True,True
1279,1279,56,Continental Mark II,7228,True,True
1280,1280,52,Volvo 200 Series,7240,True,True
1281,1281,34,Lada Riva,3973,False,False
1282,1282,91,Ford F-Series,9477,True,True
1283,1283,45,Citroën 2CV,253,True,True
1284,1284,53,Toyota Prius,8669,False,True
1285,1285,79,Zaporozhets,7574,True,False
1286,1286,57,Fiat Uno,3209,True,False
1287,1287,27,Zaporozhets,5381,True,True
1288,1288,30,Nissan Leaf,1225,False,True
1289,1289,82,Hindustan Ambassador,4967,False,False
1290,1290,18,Jeep Cherokee (XJ),564,False,True
1291,1291,42,Autobianchi A112,1794,False,False
1292,1292,30,Pontiac Grand Am,841,False,False
1293,1293,93,Henry J Deluxe,6570,True,True
1294,1294,97,Chevrolet Impala,5118,False,False
1295,1295,35,Studebaker Champion,9466,False,False
1296,1296,37,Chevrolet Impala,871,True,True
1297,1297,19,Ford Falcon,2947,False,False
1298,1298,38,Crosley,703,True,True
1299,1299,72,Mercedes-Benz C-Class,467,True,True
1300,1300,7,Bugatti Type 40,7112,False,True
1301,1301,6,Lincoln Town Car,8493,False,False
1302,1302,2,Porsche 911 GT3 Cup,5160,True,False
1303,1303,53,Volkswagen Beetle,2676,True,True
1304,1304,32,Frazer Standard,1861,True,False
1305,1305,84,Holden Commodore,548,True,True
1306,1306,30,Ford F-Series,5104,True,False
1307,1307,70,Edsel Ranger,5978,False,True
1308,1308,91,Autobianchi A112,9066,True,False
1309,1309,98,Opel Corsa,3066,False,False
1310,1310,16,Ford F-Series,8190,False,True
1311,1311,24,Ford Model T,3880,False,False
1312,1312,26,Saturn S-Series,8790,True,True
1313,1313,93,Eagle Talon,5917,True,False
1314,1314,37,Porsche 911,366,False,False
1315,1315,4,Lancia Ypsilon,6187,True,False
1316,1316,94,Peel Trident,3143,False,True
1317,1317,14,Volkswagen Beetle,3273,False,True
1318,1318,74,Hudson Super,2079,False,False
1319,1319,3,Toyota Corolla,5212,False,True
1320,1320,16,Ford Falcon,4292,True,False
1321,1321,86,Cadillac De Ville,8120,True,False
1322,1322,77,ZAZ Zaporozhets,9360,False,False
1323,1323,87,Toyota Corolla,8816,False,False
1324,1324,9,Peugeot 206,3524,False,True
1325,1325,84,Simca 1100,1995,False,True
1326,1326,88,Crosley,7364,False,False
1327,1327,87,Volkswagen Golf,1573,True,False
1328,1328,55,Facellia,1763,False,False
1329,1329,85,Willys 77,1700,True,True
1330,1330,70,Cadillac De Ville,1934,False,False
1331,1331,46,Jaguar XJ,6795,False,True
1332,1332,91,Volvo 200 Series,413,True,True
1333,1333,84,Saab 900,3544,True,True
1334,1334,90,Autobianchi A112,1010,True,False
1335,1335,67,Rambler Classic,1704,False,False
1336,1336,9,Toyota Prius,4113,True,True
1337,1337,76,Studebaker Champion,4471,True,False
1338,1338,46,Series/Defender,9431,True,True
1339,1339,70,Nissan Z-cars,4550,True,True
1340,1340,42,Toyota Corolla,2641,True,False
1341,1341,51,Nash Statesman,9553,False,False
1342,1342,4,Volkswagen Golf,5052,True,True
1343,1343,97,Škoda Octavia,5559,False,True
1344,1344,69,Ferrari 360,4793,True,True
1345,1345,29,Kaiser Deluxe,3153,True,True
1346,1346,87,Porsche 911 GT3 Cup,9464,False,True
1347,1347,55,Ford Model T,9203,True,True
1348,1348,84,Lamborghini Gallardo,7307,False,True
1349,1349,51,Hindustan Ambassador,1299,True,False
1350,1350,82,Frazer Standard,8640,False,False
1351,1351,97,Excalibur Series II,9720,False,True
1352,1352,35,Imperial Crown,4846,True,True
1353,1353,69,Metropolitan,3403,False,True
1354,1354,8,Kaiser Deluxe,9155,True,True
1355,1355,79,Peel Trident,3322,False,False
1356,1356,20,Simca 1100,364,False,False
1357,1357,10,Aston Martin DB7,175,True,False
1358,1358,60,Simca 1100,2330,True,False
1359,1359,18,Holden Commodore,771,False,True
1360,1360,20,SEAT Ibiza,4813,True,False
1361,1361,40,Toyota Corolla,1101,False,True
1362,1362,70,Hindustan Ambassador,9140,True,False
1363,1363,64,Cadillac De Ville,6862,False,True
1364,1364,2,Packard Eight,8281,True,True
1365,1365,26,Mazda RX-7,9235,False,True
1366,1366,60,Chevrolet Volt,6195,False,True
1367,1367,32,Crosley,9562,True,True
1368,1368,31,McLaren 12C,2447,True,False
1369,1369,83,Toyota Corolla,9452,False,False
1370,1370,53,Porsche 911 GT3 Cup,1459,True,False
1371,1371,97,Cadillac De Ville,2655,False,False
1372,1372,88,Cadillac De Ville,5807,True,True
1373,1373,52,Packard Eight,6622,False,True
1374,1374,77,Renault Symbol,8953,False,False
1375,1375,47,Cadillac De Ville,7831,False,True
1376,1376,1,Renault Symbol,4012,True,True
1377,1377,71,Nash Statesman,6149,False,False
1378,1378,98,AMC Hornet,2666,False,False
1379,1379,56,Tesla Model S,327,True,True
1380,1380,2,Peugeot 206,9763,False,False
1381,1381,23,Volkswagen Golf,1190,True,False
1382,1382,97,Continental Mark II,6260,False,False
1383,1383,35,Tesla Model S,3731,True,True
1384,1384,37,Nissan Z-cars,3915,True,False
1385,1385,2,Volkswagen Santana,2704,True,False
1386,1386,21,Koenigsegg CCX,5396,True,True
1387,1387,58,Volkswagen Santana,4718,False,True
1388,1388,25,Volkswagen Type 2,5068,True,True
1389,1389,97,Bugatti Type 40,5950,True,True
1390,1390,15,Toyota Corolla,410,False,True
1391,1391,69,SEAT Ibiza,6506,True,True
1392,1392,56,Renault Clio,2334,True,True
1393,1393,73,Aston Martin DB7,2968,True,False
1394,1394,43,Mitsubishi Lancer,5663,False,True
1395,1395,2,Koenigsegg CCX,4356,True,True
1396,1396,50,Hindustan Ambassador,5147,False,False
1397,1397,46,Plymouth Fury,3165,True,True
1398,1398,16,Aston Martin DB7,7142,True,False
1399,1399,22,Mazda RX-7,6570,False,True
1400,1400,38,Trabant,7394,True,True
1401,1401,44,Volvo 200 Series,7578,True,True
1402,1402,43,Subaru Legacy,3904,True,False
1403,1403,39,Citroën 2CV,6681,False,True
1404,1404,0,Lada Riva,9920,False,True
1405,1405,9,ZAZ Zaporozhets,1103,True,True
1406,1406,4,Chrysler Newport,9158,True,False
1407,1407,28,Metropolitan,2957,False,False
1408,1408,86,Dodge Coronet,2229,False,True
1409,1409,67,Škoda Octavia,7396,True,False
1410,1410,52,Chevrolet Volt,911,False,False
1411,1411,87,Honda Civic,5737,False,True
1412,1412,77,Lamborghini Gallardo,3150,False,False
1413,1413,1,Chevrolet Impala,1881,False,True
1414,1414,94,DeSoto Custom,9515,False,False
1415,1415,40,Renault Symbol,3279,False,True
1416,1416,40,Morris Mini,6494,True,True
1417,1417,77,Rolls-Royce Silver Shadow,1591,True,False
1418,1418,12,Dodge Coronet,8669,True,False
1419,1419,17,Mazda Familia,2324,True,True
1420,1420,41,Cadillac De Ville,7862,False,False
1421,1421,76,Škoda Octavia,5690,True,False
1422,1422,83,Holden Commodore,2491,True,False
1423,1423,6,Chevrolet Impala,595,True,False
1424,1424,81,Imperial Crown,6950,False,False
1425,1425,53,Toyota Corolla,5247,False,False
1426,1426,80,Nissan Leaf,1673,True,True
1427,1427,18,Trabant,6235,False,True
1428,1428,27,Mercedes-Benz C-Class,6436,True,True
1429,1429,9,Messerschmitt KR200,4785,True,True
1430,1430,86,Lotus Elise,3172,False,True
1431,1431,69,Volkswagen Golf,3030,True,True
1432,1432,34,Excalibur Series II,3923,False,False
1433,1433,60,DeSoto Custom,9732,False,False
1434,1434,33,Rambler Classic,8403,False,False
1435,1435,95,Plymouth Fury,7842,False,False
1436,1436,68,Chrysler Newport,6149,True,True
1437,1437,95,Bugatti Type 40,8554,False,False
1438,1438,33,Tesla Model S,5242,False,False
1439,1439,15,Volkswagen Beetle,6810,True,True
1440,1440,33,AMC Hornet,4475,False,True
1441,1441,63,Volkswagen Golf,1182,False,True
1442,1442,45,Autobianchi A112,1228,False,True
1443,1443,10,AMC Hornet,2165,False,True
1444,1444,31,Perodua Myvi,3589,False,False
1445,1445,99,Ford Falcon,9187,False,False
1446,1446,72,McLaren 12C,2403,False,True
1447,1447,66,Messerschmitt KR200,630,False,True
1448,1448,43,Ferrari 360,8128,True,False
1449,1449,40,Tesla Model S,5295,True,False
1450,1450,24,Škoda Octavia,8043,True,True
1451,1451,55,Henry J Deluxe,3425,True,False
1452,1452,40,BMW 3 Series,5124,False,False
1453,1453,15,Chevrolet Impala,903,True,True
1454,1454,49,Smart Fortwo,2393,False,False
1455,1455,40,Crosley,4188,True,True
1456,1456,7,Jaguar XJ,9139,True,True
1457,1457,30,Toyota Corolla,9070,False,True
1458,1458,53,SEAT Ibiza,7149,True,False
1459,1459,84,Renault Clio,5456,False,False
1460,1460,54,Jeep Cherokee (XJ),1021,True,False
1461,1461,7,Perodua Myvi,336,False,False
1462,1462,28,Facellia,2904,True,True
1463,1463,67,Nissan Leaf,6847,False,True
1464,1464,8,Autobianchi A112,6188,False,True
1465,1465,59,Saab 900,1559,True,True
1466,1466,4,Packard Eight,4437,True,False
1467,1467,55,Cadillac De Ville,3396,True,False
1468,1468,36,Hindustan Ambassador,7167,False,True
1469,1469,80,Cadillac De Ville,4944,False,False
1470,1470,93,Ford F-Series,1752,True,False
1471,1471,4,Jaguar XJ,1937,False,True
1472,1472,88,Chrysler Newport,5152,True,True
1473,1473,69,Crosley,5359,True,True
1474,1474,87,Facellia,5922,True,True
1475,1475,97,Hindustan Ambassador,8280,True,False
1476,1476,10,Mazda MX-5,7321,False,False
1477,1477,1,Volkswagen Type 2,961,True,True
1478,1478,31,Kaiser Deluxe,5871,False,True
1479,1479,55,Koenigsegg CCX,1700,False,True
1480,1480,64,Pontiac Grand Am,5091,False,False
1481,1481,97,Mitsubishi Lancer,2288,True,True
1482,1482,62,Metropolitan,9945,True,False
1483,1483,56,Maserati Biturbo,3876,False,False
1484,1484,7,Studebaker Champion,7193,True,True
1485,1485,67,Fiat Uno,2063,True,True
1486,1486,9,Mazda MX-5,3034,False,False
1487,1487,65,Messerschmitt KR200,6504,False,True
1488,1488,89,Rambler Classic,5646,True,False
1489,1489,11,Chevrolet Impala,5788,False,False
1490,1490,73,DeSoto Custom,9456,True,False
1491,1491,53,Citroën 2CV,7031,False,True
1492,1492,75,Volkswagen Beetle,7252,False,True
1493,1493,7,AMC Hornet,8865,True,True
1494,1494,76,Aston Martin DB7,70,True,False
1495,1495,73,Autobianchi A112,8500,False,False
1496,1496,23,Ford F-Series,9591,False,False
1497,1497,41,Lotus Elise,397,True,True
1498,1498,15,Hindustan Ambassador,8138,True,True
1499,1499,73,Mazda MX-5,8625,True,True
1500,1500,5,Nash Statesman,6559,True,True
